﻿<?xml version="1.0" encoding="utf-8"?>
<MA xmlns:xsi="http://www.w3.org/2001/XMLSchema-instance" xmlns="http://schemas.malighting.de/grandma2/xml/MA" xsi:schemaLocation="http://schemas.malighting.de/grandma2/xml/MA http://schemas.malighting.de/grandma2/xml/3.4.0/MA.xsd" major_vers="3" minor_vers="4" stream_vers="0">
	<Info datetime="" showfile="layoutfx-show" />
	<Macro index="399" name="LayoutFX">
		<Appearance Color="00ffff" />
		<Macroline index="0">
			<text>Plugin LayoutFX</text>
		</Macroline>
	</Macro>
	<Macro index="400" name="LayoutFX params">
		<Appearance Color="000000" />
		<Macroline index="0">
			<text>Plugin LayoutFX (&quot;Enter LayoutFX parameters&quot;)</text>
		</Macroline>
	</Macro>
	<Macro index="401" name="lfx_POS Center">
		<Appearance Color="00cbcb" />
		<Macroline index="0">
			<text>SetUserVar $LFX_POS = (&quot;Top/Bottom/C Left/Right/C or 1-9&quot;)</text>
			<info>This macro sets the LayoutFX option</info>
		</Macroline>
		<Macroline index="1">
			<text>[$LFX_POS==1] SetUserVar $LFX_POS=&quot;BotLeft&quot;</text>
		</Macroline>
		<Macroline index="2">
			<text>[$LFX_POS==2] SetUserVar $LFX_POS=&quot;Bottom&quot;</text>
		</Macroline>
		<Macroline index="3">
			<text>[$LFX_POS==3] SetUserVar $LFX_POS=&quot;BotRight&quot;</text>
		</Macroline>
		<Macroline index="4">
			<text>[$LFX_POS==4] SetUserVar $LFX_POS=&quot;Left&quot;</text>
		</Macroline>
		<Macroline index="5">
			<text>[$LFX_POS==5] SetUserVar $LFX_POS=&quot;Center&quot;</text>
		</Macroline>
		<Macroline index="6">
			<text>[$LFX_POS==6] SetUserVar $LFX_POS=&quot;Right&quot;</text>
		</Macroline>
		<Macroline index="7">
			<text>[$LFX_POS==7] SetUserVar $LFX_POS=&quot;TopLeft&quot;</text>
		</Macroline>
		<Macroline index="8">
			<text>[$LFX_POS==8] SetUserVar $LFX_POS=&quot;Top&quot;</text>
		</Macroline>
		<Macroline index="9">
			<text>[$LFX_POS==9] SetUserVar $LFX_POS=&quot;TopRight&quot;</text>
		</Macroline>
		<Macroline index="10" />
		<Macroline index="11">
			<text>SetUserVar $name = &quot;&apos;lfx_POS _&quot;</text>
			<info>The following lines update the macro label</info>
		</Macroline>
		<Macroline index="12">
			<text>AddUserVar $name = $LFX_POS; AddUserVar $name = &quot;_&apos;&quot;; Label Macro lfx_POS* $name</text>
		</Macroline>
		<Macroline index="13">
			<text>[$name==&quot;&apos;lfx_POS _&quot;] Label Macro lfx_POS* &quot;lfx_POS Center&quot;</text>
		</Macroline>
		<Macroline index="14">
			<text>SetUserVar $name =</text>
		</Macroline>
	</Macro>
	<Macro index="402" name="lfx_FORM">
		<Appearance Color="00cbcb" />
		<Macroline index="0">
			<text>SetUserVar $LFX_FORM = (&quot;1=Line 2=Rect 3=Oval 4=Square 5=Circle&quot;)</text>
			<info>This macro sets the LayoutFX option</info>
		</Macroline>
		<Macroline index="1">
			<text>[$LFX_FORM==1] SetUserVar $LFX_FORM=&quot;LINE&quot;</text>
		</Macroline>
		<Macroline index="2">
			<text>[$LFX_FORM==2] SetUserVar $LFX_FORM=&quot;RECT&quot;</text>
		</Macroline>
		<Macroline index="3">
			<text>[$LFX_FORM==3] SetUserVar $LFX_FORM=&quot;OVAL&quot;</text>
		</Macroline>
		<Macroline index="4">
			<text>[$LFX_FORM==4] SetUserVar $LFX_FORM=&quot;SQUARE&quot;</text>
		</Macroline>
		<Macroline index="5">
			<text>[$LFX_FORM==5] SetUserVar $LFX_FORM=&quot;CIRCLE&quot;</text>
		</Macroline>
		<Macroline index="6" />
		<Macroline index="7">
			<text>SetUserVar $name = &quot;&apos;lfx_FORM _&quot;</text>
			<info>The following lines update the macro label</info>
		</Macroline>
		<Macroline index="8">
			<text>AddUserVar $name = $LFX_FORM; AddUserVar $name = &quot;_&apos;&quot;; Label Macro lfx_form* $name</text>
		</Macroline>
		<Macroline index="9">
			<text>[$name==&quot;&apos;lfx_FORM _&quot;] SetUserVar $LFX_FORM = &quot;Line&quot;; Label Macro lfx_FORM* &quot;lfx_FORM LINE&quot;</text>
		</Macroline>
		<Macroline index="10">
			<text>SetUserVar $name =</text>
		</Macroline>
	</Macro>
	<Macro index="403" name="lfx_ACCEL OFF">
		<Appearance Color="00cbcb" />
		<Macroline index="0">
			<text>SetUserVar $LFX_ACCEL = (&quot;0..1=deceleration, 1=off, &gt;1=acceleration&quot;)</text>
			<info>This macro sets the LayoutFX option</info>
		</Macroline>
		<Macroline index="1">
			<text>[$LFX_ACCEL==1] SetUserVar $LFX_ACCEL =</text>
		</Macroline>
		<Macroline index="2" />
		<Macroline index="3">
			<text>SetUserVar $name = &quot;&apos;lfx_ACCEL _&quot;</text>
			<info>The following lines update the macro label</info>
		</Macroline>
		<Macroline index="4">
			<text>AddUserVar $name = $LFX_ACCEL; AddUserVar $name = &quot;_&apos;&quot;; Label Macro lfx_ACCEL* $name</text>
		</Macroline>
		<Macroline index="5">
			<text>[$name==&quot;&apos;lfx_ACCEL _&quot;] Label Macro lfx_ACCEL* &quot;lfx_ACCEL OFF&quot;</text>
		</Macroline>
		<Macroline index="6">
			<text>SetUserVar $name =</text>
		</Macroline>
	</Macro>
	<Macro index="404" name="lfx_GRID OFF">
		<Appearance Color="00cbcb" />
		<Macroline index="0">
			<text>SetUserVar $LFX_GRID = (&quot;+/ON = layout grid / X-Y = grid size&quot;)</text>
			<info>This macro sets the LayoutFX option</info>
		</Macroline>
		<Macroline index="1">
			<text>[$LFX_GRID==0] SetUserVar $LFX_GRID=</text>
		</Macroline>
		<Macroline index="2">
			<text>[$LFX_GRID==+] SetUserVar $LFX_GRID=ON</text>
		</Macroline>
		<Macroline index="3" />
		<Macroline index="4">
			<text>SetUserVar $name = &quot;&apos;lfx_GRID _&quot;</text>
			<info>The following lines update the macro label</info>
		</Macroline>
		<Macroline index="5">
			<text>AddUserVar $name = $LFX_GRID; AddUserVar $name = &quot;_&apos;&quot;; Label Macro lfx_GRID* $name</text>
		</Macroline>
		<Macroline index="6">
			<text>[$name==&quot;&apos;lfx_GRID _&quot;] Label Macro lfx_GRID* &quot;lfx_GRID OFF&quot;</text>
		</Macroline>
		<Macroline index="7">
			<text>SetUserVar $name =</text>
		</Macroline>
	</Macro>
	<Macro index="405" name="lfxLayout SELECTED">
		<Appearance Color="00cbcb" />
		<Macroline index="0">
			<text>SetUserVar $LFX_LAYOUT = (&quot;Specify layout. &lt;Please&gt;=Selected&quot;)</text>
			<info>This macro sets the LayoutFX option</info>
		</Macroline>
		<Macroline index="1" />
		<Macroline index="2">
			<text>SetUserVar $name = &quot;&apos;lfxLayout _&quot;</text>
			<info>The following lines update the macro label</info>
		</Macroline>
		<Macroline index="3">
			<text>AddUserVar $name = $LFX_LAYOUT; AddUserVar $name = &quot;_&apos;&quot;; Label Macro lfxLAYOUT* $name</text>
		</Macroline>
		<Macroline index="4">
			<text>[$name==&quot;&apos;lfxLayout _&quot;] Label Macro lfxLAYOUT* &quot;lfxLayout SELECTED&quot;</text>
		</Macroline>
		<Macroline index="5">
			<text>SetUserVar $name =</text>
		</Macroline>
	</Macro>
	<Macro index="406" name="LayoutFX shotrcuts">
		<Appearance Color="000000" />
	</Macro>
	<Macro index="407" name="LEFT">
		<Appearance Color="005454" />
		<Macroline index="0">
			<text>SetUserVar $LFX_POS = &quot;Left&quot;</text>
		</Macroline>
		<Macroline index="1">
			<text>Label Macro lfx_POS* &quot;lfx_POS Left&quot;</text>
		</Macroline>
	</Macro>
	<Macro index="408" name="CENTER">
		<Appearance Color="005454" />
		<Macroline index="0">
			<text>SetUserVar $LFX_POS = &quot;Center&quot;</text>
		</Macroline>
		<Macroline index="1">
			<text>Label Macro lfx_POS* &quot;lfx_POS Center&quot;</text>
		</Macroline>
	</Macro>
	<Macro index="409" name="BOTTOM LEFT">
		<Appearance Color="005454" />
		<Macroline index="0">
			<text>SetUserVar $LFX_POS = &quot;BL&quot;</text>
		</Macroline>
		<Macroline index="1">
			<text>Label Macro lfx_POS* &quot;lfx_POS BotLeft&quot;</text>
		</Macroline>
	</Macro>
	<Macro index="410" name="TOP CENTER">
		<Appearance Color="005454" />
		<Macroline index="0">
			<text>SetUserVar $LFX_POS = &quot;TopCenter&quot;</text>
		</Macroline>
		<Macroline index="1">
			<text>Label Macro lfx_POS* &quot;lfx_POS TopCenter&quot;</text>
		</Macroline>
	</Macro>
	<Macro index="411" name="LINE">
		<Appearance Color="005454" />
		<Macroline index="0">
			<text>SetUserVar $LFX_FORM = LINE</text>
		</Macroline>
		<Macroline index="1">
			<text>Label Macro lfx_FORM* &quot;lfx_FORM LINE&quot;</text>
		</Macroline>
	</Macro>
	<Macro index="412" name="LINE Vert">
		<Appearance Color="005454" />
		<Macroline index="0">
			<text>SetUserVar $LFX_FORM = LINEV</text>
		</Macroline>
		<Macroline index="1">
			<text>Label Macro lfx_FORM* &quot;lfx_FORM LINEV&quot;</text>
		</Macroline>
	</Macro>
	<Macro index="413" name="LINE Horiz">
		<Appearance Color="005454" />
		<Macroline index="0">
			<text>SetUserVar $LFX_FORM = LINEH</text>
		</Macroline>
		<Macroline index="1">
			<text>Label Macro lfx_FORM* &quot;lfx_FORM LINEH&quot;</text>
		</Macroline>
	</Macro>
	<Macro index="414" name="LINE 45">
		<Appearance Color="005454" />
		<Macroline index="0">
			<text>SetUserVar $LFX_FORM = LINE45</text>
		</Macroline>
		<Macroline index="1">
			<text>Label Macro lfx_FORM* &quot;lfx_FORM LINE45&quot;</text>
		</Macroline>
	</Macro>
	<Macro index="415" name="LINE 30">
		<Appearance Color="005454" />
		<Macroline index="0">
			<text>SetUserVar $LFX_FORM = LINE30</text>
		</Macroline>
		<Macroline index="1">
			<text>Label Macro lfx_FORM* &quot;lfx_FORM LINE30&quot;</text>
		</Macroline>
	</Macro>
	<Macro index="416" name="CIRCLE">
		<Appearance Color="005454" />
		<Macroline index="0">
			<text>SetUserVar $LFX_FORM = CIRCLE</text>
		</Macroline>
		<Macroline index="1">
			<text>Label Macro lfx_FORM* &quot;lfx_FORM CIRCLE&quot;</text>
		</Macroline>
	</Macro>
	<Macro index="417" name="OVAL">
		<Appearance Color="005454" />
		<Macroline index="0">
			<text>SetUserVar $LFX_FORM = OVAL</text>
		</Macroline>
		<Macroline index="1">
			<text>Label Macro lfx_FORM* &quot;lfx_FORM OVAL&quot;</text>
		</Macroline>
	</Macro>
	<Macro index="418" name="OVAL 2:1">
		<Appearance Color="005454" />
		<Macroline index="0">
			<text>SetUserVar $LFX_FORM = &quot;OVAL2:1&quot;</text>
		</Macroline>
		<Macroline index="1">
			<text>Label Macro lfx_FORM* &quot;lfx_FORM OVAL2&quot;</text>
		</Macroline>
	</Macro>
	<Macro index="419" name="OVAL 1:2">
		<Appearance Color="005454" />
		<Macroline index="0">
			<text>SetUserVar $LFX_FORM = &quot;OVAL1:2&quot;</text>
		</Macroline>
		<Macroline index="1">
			<text>Label Macro lfx_FORM* &quot;lfx_FORM OVAL1:2&quot;</text>
		</Macroline>
	</Macro>
	<Macro index="420" name="SQUARE">
		<Appearance Color="005454" />
		<Macroline index="0">
			<text>SetUserVar $LFX_FORM = SQUARE</text>
		</Macroline>
		<Macroline index="1">
			<text>Label Macro lfx_FORM* &quot;lfx_FORM SQUARE&quot;</text>
		</Macroline>
	</Macro>
	<Macro index="421" name="RECT">
		<Appearance Color="005454" />
		<Macroline index="0">
			<text>SetUserVar $LFX_FORM = RECT</text>
		</Macroline>
		<Macroline index="1">
			<text>Label Macro lfx_FORM* &quot;lfx_FORM RECT&quot;</text>
		</Macroline>
	</Macro>
	<Macro index="422" name="RECT 2:1">
		<Appearance Color="005454" />
		<Macroline index="0">
			<text>SetUserVar $LFX_FORM = &quot;RECT2:1&quot;</text>
		</Macroline>
		<Macroline index="1">
			<text>Label Macro lfx_FORM* &quot;lfx_FORM RECT2:1&quot;</text>
		</Macroline>
	</Macro>
	<Macro index="423" name="RECT 1:2">
		<Appearance Color="005454" />
		<Macroline index="0">
			<text>SetUserVar $LFX_FORM = &quot;RECT1:2&quot;</text>
		</Macroline>
		<Macroline index="1">
			<text>Label Macro lfx_FORM* &quot;lfx_FORM RECT1:2&quot;</text>
		</Macroline>
	</Macro>
	<Macro index="424" name="ACCEL OFF">
		<Appearance Color="005454" />
		<Macroline index="0">
			<text>SetUserVar $LFX_ACCEL =</text>
		</Macroline>
		<Macroline index="1">
			<text>Label Macro lfx_ACCEL* &quot;lfx_ACCEL OFF&quot;</text>
		</Macroline>
	</Macro>
	<Macro index="425" name="ACCEL 0.5">
		<Appearance Color="005454" />
		<Macroline index="0">
			<text>SetUserVar $LFX_ACCEL = &quot;0.5&quot;</text>
		</Macroline>
		<Macroline index="1">
			<text>Label Macro lfx_ACCEL* &quot;lfx_ACCEL 0.5&quot;</text>
		</Macroline>
	</Macro>
	<Macro index="426" name="ACCEL 2">
		<Appearance Color="005454" />
		<Macroline index="0">
			<text>SetUserVar $LFX_ACCEL = &quot;2&quot;</text>
		</Macroline>
		<Macroline index="1">
			<text>Label Macro lfx_ACCEL* &quot;lfx_ACCEL 2&quot;</text>
		</Macroline>
	</Macro>
	<Macro index="427" name="GRID OFF">
		<Appearance Color="005454" />
		<Macroline index="0">
			<text>SetUserVar $LFX_GRID =</text>
		</Macroline>
		<Macroline index="1">
			<text>Label Macro lfx_GRID* &quot;lfx_GRID OFF&quot;</text>
		</Macroline>
	</Macro>
	<Macro index="428" name="GRID ON">
		<Appearance Color="005454" />
		<Macroline index="0">
			<text>SetUserVar $LFX_GRID = &quot;On&quot;</text>
		</Macroline>
		<Macroline index="1">
			<text>Label Macro lfx_GRID* &quot;lfx_GRID ON&quot;</text>
		</Macroline>
	</Macro>
	<Macro index="429" name="GRID 3:3">
		<Appearance Color="005454" />
		<Macroline index="0">
			<text>SetUserVar $LFX_GRID = &quot;3:3&quot;</text>
		</Macroline>
		<Macroline index="1">
			<text>Label Macro lfx_GRID* &quot;lfx_GRID 3:3&quot;</text>
		</Macroline>
	</Macro>
</MA>